"session","created","modified","ended","expired","time16","ConQ1","ConQ2","ConQ3","ConQ4","ConQ5","feedback","time17","CompletionCode","time18"
"","2023-11-20 05:11:33","2023-11-20 05:12:41","2023-11-20 05:12:41","","2023-11-20 05:12:35","2","3","2","2","2","3didiid3i3i3","2023-11-20 05:12:41","KP1aWQ4jud",""
"","2023-11-20 05:17:20","2023-11-20 05:17:53","2023-11-20 05:17:53","","2023-11-20 05:17:49","2","2","2","1","2","saccsecasesacassacscascascasca","2023-11-20 05:17:53","ljNlWwbQDF",""
"famousClownFishXXX4PekENDqqAvE6ghlZxr3svuVLdjV3swPCnDsx5fCXiVJgC","2023-11-20 05:30:12","2023-11-20 05:30:43","2023-11-20 05:30:43","","2023-11-20 05:30:38","2","2","3","2","1","weaihwfh8;wefoihiowefiohjeoifuhfeu","2023-11-20 05:30:43","elFDTO7YKL",""
"talentedTuataraXXXEfh7KT06Pi0wWuOiGkGIVv_uMS_KuIyuKEfjZ3a2Aca45J","2023-11-20 05:42:55","2023-11-20 05:42:59","","","","","","","","","","","",""
"dullRussianBlueXXX8Izb_d_1Kxvnhk25k8X7jaOM9Rkjp1_leSuW3cT4AYU3WM","2023-11-20 05:48:17","2023-11-20 05:48:54","2023-11-20 05:48:55","","2023-11-20 05:48:45","4","3","2","1","1","Suiiiiii","2023-11-20 05:48:54","T1xGWws2ax",""
"joyousScorpionXXX6Yr_0xEC8SL1rF2lZfXzvN3LpnrQVPc-GXkR5rnN_RN3mu_","2023-11-20 05:51:31","2023-11-28 00:33:32","","","2023-11-24 20:40:13","","","","","","","","",""
"poorRiverTurtleXXXKT727AtdMgNyvAFo5274l7FVA2PAItATdyiOjCxZzzOwoq","2023-11-22 20:33:09","2023-11-22 20:33:40","2023-11-22 20:33:41","","2023-11-22 20:33:33","1","1","2","1","1","","2023-11-22 20:33:40","g8D6lUPxs6",""
"bJxHxxVDziciu4MCjWXNA5UYu_vJiRz6iq3JUl-7QYS2LOkY_qdFAQevBd_1O_Pn","2023-11-22 21:07:31","2023-11-22 21:07:54","2023-11-22 21:07:55","","2023-11-22 21:07:34","3","3","3","2","2","Hfhjdjdjf","2023-11-22 21:07:46","rqJZoXV55t","2023-11-22 21:07:54"
"hWYhuILcH4_RtBIKUyMW9paH9va0l55HV4rGC3WDeJmtYKATFjAo8jSkMKYyrE6k","2023-11-23 01:53:11","2023-11-23 01:53:55","2023-11-23 01:53:56","","2023-11-23 01:53:16","2","3","2","2","2","awriyarwniwainwaruwiu","2023-11-23 01:53:31","3fgMmrdlOH","2023-11-23 01:53:55"
"dhYmFyLVYoEI0lzKT-0ZOmlmC8YYcYlGsIXZsRy-5RWwbzl_blTbN9cpo90knlMt","2023-11-23 22:13:59","2023-11-23 22:14:18","2023-11-23 22:14:19","","2023-11-23 22:14:01","2","4","4","1","3","","2023-11-23 22:14:13","FMk8NdJmUo","2023-11-23 22:14:19"
"XHySWka4CE3p-NyztH9AzZsw1gvDeoV00M9_RqLAjZiynnTumdE1WmR8XzbnxLua","2023-11-23 22:26:02","2023-11-23 22:26:45","2023-11-23 22:26:45","","2023-11-23 22:26:15","2","1","1","1","4","","2023-11-23 22:26:38","jKeoz6g3Ok","2023-11-23 22:26:45"
"NyUYM1WauCGymXQFLgsBwi-7Nkor7NX976MWFlv87ME6vOb76rLDlH9sytB0GHbk","2023-11-23 22:54:29","2023-11-23 22:55:13","2023-11-23 22:55:13","","2023-11-23 22:54:32","2","3","3","1","3","","2023-11-23 22:54:54","aZQKCijSIp","2023-11-23 22:55:13"
"XyoORrwwR_ceFi-URX0nBsP8vdw3D0XNPYSqFEqcjaRXTeTIwEZIY5DQzUNh62m_","2023-11-23 23:21:15","2023-11-23 23:21:54","2023-11-23 23:21:54","","2023-11-23 23:21:18","3","3","3","1","3","","2023-11-23 23:21:44","gA6qRIs805","2023-11-23 23:21:54"
"JYcKLaOVZHZczfHMEU3zVq_0n3UeBv-7pmwEcPZXBxaW2xoaUS5QGoXOydfpUisR","2023-11-23 23:26:26","2023-11-23 23:26:46","2023-11-23 23:26:47","","2023-11-23 23:26:27","1","3","2","1","3","","2023-11-23 23:26:41","xHsYS6Y5O0","2023-11-23 23:26:47"
"7pqsECEUedyvUAXHuIJzbj76Hx40x03gJNGlVpmfYq_YSJk6NQezwFm9VOIMEtkf","2023-11-23 23:27:08","2023-11-23 23:27:24","2023-11-23 23:27:24","","2023-11-23 23:27:10","1","2","3","1","3","","2023-11-23 23:27:21","1YUsISIHIM","2023-11-23 23:27:24"
"6GgKHOVEW3ZX3fnATbXMwnIoBqpRDgNEl3layoe-g-JPkxHnOoVVPxuWLe7cSMAT","2023-11-23 23:30:14","2023-11-23 23:30:44","2023-11-23 23:30:44","","2023-11-23 23:30:17","1","4","3","2","4","","2023-11-23 23:30:35","bib4nicpg9","2023-11-23 23:30:44"
"kbwk5ocYKOML8_LpV7K3sCwNCuiFhBntO8-qcUMhjw8Rg-n8jKf0ck9TnImzqY1Y","2023-11-23 23:36:28","2023-11-23 23:37:50","2023-11-23 23:37:50","","2023-11-23 23:36:33","1","4","2","1","4","","2023-11-23 23:37:27","RuuRV2wpnV","2023-11-23 23:37:50"
"XPIP_yBw4rFZfvq7eoQ1wFDSaeVHkemri6BQFi6ILBEHVB6bb5XtzB1JK0GK_CDz","2023-11-23 23:39:23","2023-11-23 23:39:50","2023-11-23 23:39:50","","2023-11-23 23:39:25","1","3","2","1","4","","2023-11-23 23:39:43","BkeK11BNcj","2023-11-23 23:39:50"
"VuPKQ4kfLvvgPhzBGo04g8Xmh9L_Yrh0YFt0D6gFA_4Do7uHpR9a1HksrtaAkR9-","2023-11-23 23:40:43","2023-11-23 23:41:32","2023-11-23 23:41:32","","2023-11-23 23:40:46","1","2","2","1","3","","2023-11-23 23:41:12","fcSoDkBvix","2023-11-23 23:41:32"
"QsKl30AKWfiJ39607l-6MwqJrDCAjdzr1xtWWSI-dbWENuXw_NUJSjxwdPbnV_u1","2023-11-23 23:50:53","2023-11-23 23:52:12","2023-11-23 23:52:12","","2023-11-23 23:51:10","2","4","3","2","3","","2023-11-23 23:51:42","jBOXTeyX5g","2023-11-23 23:52:12"
"AwRH7_I6sBptGU96uz4k3R6h6G5oYZxh0NhCwAXvoAeVSSOisWwZ8pAIv55WjXNY","2023-11-23 23:53:00","2023-11-23 23:53:26","2023-11-23 23:53:26","","2023-11-23 23:53:03","1","4","1","1","3","","2023-11-23 23:53:20","0DkDvxlN8k","2023-11-23 23:53:26"
"RKZQuzW2_OICU0kPYYv3fnH3y9p_5PekSmcr_HFrRc1RJVti5Rd9GIXRJcKSS96R","2023-11-23 23:58:51","2023-11-23 23:59:20","2023-11-23 23:59:20","","2023-11-23 23:58:53","1","3","2","1","4","","2023-11-23 23:59:07","27ICIiB1AB","2023-11-23 23:59:20"
"BfElhAMkRM5v2JLXamTCM51BMw5OeCtnDn1ZQriCq1D7K5Pbl2GekPhVIpKsX68R","2023-11-24 00:12:49","2023-11-24 00:13:26","2023-11-24 00:13:26","","2023-11-24 00:12:52","1","2","2","2","3","","2023-11-24 00:13:17","QFy8J8y3hR","2023-11-24 00:13:26"
"ZGcFDtNyAuM0tqwsjvl7dwSIZTBY1GTbGFkM3JHSwj1W1bIRdii2sq9gLjcjNEty","2023-11-24 00:20:15","2023-11-24 00:20:41","2023-11-24 00:20:42","","2023-11-24 00:20:18","1","2","2","1","3","","2023-11-24 00:20:34","AynMaX0bF4","2023-11-24 00:20:41"
"TGDDCWLggjapLxA-HxRldBj-1HXKbfIIHaeuvWy8f4OyrhwR1JQZKneFtGJaz45t","2023-11-24 00:33:24","2023-11-24 00:34:04","2023-11-24 00:34:04","","2023-11-24 00:33:26","1","2","2","1","4","","2023-11-24 00:33:42","FJYx6nNyhn","2023-11-24 00:34:04"
"aDrZi3uFP4EsWOj9e2nMo2Nvwti6ByrM7BP8xUDqLKshYWimmhyEvVp6qbqPD3mS","2023-11-24 00:38:50","2023-11-24 00:39:49","2023-11-24 00:39:51","","2023-11-24 00:38:54","1","2","2","2","3","","2023-11-24 00:39:39","wQIMuPQSFn","2023-11-24 00:39:50"
"6jXxFUS2pwFgphv0bBeHhiJuiiUOoSpUhaTmkNW2kDTQUfhmKMPvV16c8b2I6at_","2023-11-24 00:59:53","2023-11-24 01:00:27","2023-11-24 01:00:29","","2023-11-24 00:59:57","1","4","2","2","3","Great survey, thank you ","2023-11-24 01:00:21","en3wJa0sTr","2023-11-24 01:00:28"
"STfirMqJJQyaT-CyUKNDcuV1KzRQPbwsOdYrv2nj5rLIn0xRU8S35r4Cx9PvYvY3","2023-11-24 01:05:03","2023-11-24 01:06:27","2023-11-24 01:06:28","","2023-11-24 01:05:08","1","2","2","2","3","","2023-11-24 01:06:05","syUCfImFlF","2023-11-24 01:06:27"
"dazH6Rf6uLrdfVlMofTf_jE3WpraEZtNdZL0ejMBVvsqPTRtrcwvqCPbF5CxMpFC","2023-11-24 01:18:19","2023-11-24 01:18:51","2023-11-24 01:18:51","","2023-11-24 01:18:22","2","1","1","1","2","","2023-11-24 01:18:44","u7u1I2qcV6","2023-11-24 01:18:51"
"6t66ViTJZOkgGAa3YFNX77TsSDyWXqr1qi0TXXOvgyUIEg5035K9j_DrKBF0PmYV","2023-11-24 02:02:47","2023-11-24 02:03:20","2023-11-24 02:03:21","","2023-11-24 02:02:51","1","1","1","2","3","","2023-11-24 02:03:08","IoIcB1proY","2023-11-24 02:03:20"
"NanGNtqw-fXbXFgXYTYku8ibYon5gHGSUW5p1pV8GAtow6CuxwfWIArjFZvfxj31","2023-11-24 02:04:14","2023-11-24 02:04:42","2023-11-24 02:04:43","","2023-11-24 02:04:16","1","2","3","1","4","","2023-11-24 02:04:27","P3RNKKMY3O","2023-11-24 02:04:43"
"Eq_39sXcXwUBbVRELUSmYlQAxkXCmvcHjNllfTFHr8pyq8HJQZqhZiutcAke7c5i","2023-11-24 02:18:41","2023-11-24 02:19:09","2023-11-24 02:19:10","","2023-11-24 02:18:44","1","3","2","2","4","","2023-11-24 02:19:02","UQuJtcw7J8","2023-11-24 02:19:09"
"W67YOC9uh70BsvqKLK3c8EondeVyW5bMIkE3oxV5ukVBNW-GJOY09sSH-ARlP66n","2023-11-24 03:00:15","2023-11-24 03:00:39","2023-11-24 03:00:39","","2023-11-24 03:00:16","1","1","1","1","4","","2023-11-24 03:00:31","snrIGii1QS","2023-11-24 03:00:39"
"ti28Sc0b_rafSztMEjXdAQqynvBVhiXbQKRVSNda4dKtYreHgJ5kL2GC8DntITBC","2023-11-24 03:10:10","2023-11-24 03:10:35","2023-11-24 03:10:35","","2023-11-24 03:10:13","1","3","1","1","4","","2023-11-24 03:10:29","DHsqVe8Ozd","2023-11-24 03:10:35"
"PmeYfVd0EjGrnjA586KjQemokyNYBu47RaGVMCeHbw8JAq3drzjHMrAMsuflcG8r","2023-11-24 03:58:24","2023-11-24 03:58:56","2023-11-24 03:58:56","","2023-11-24 03:58:26","1","4","2","2","3","NA","2023-11-24 03:58:50","EwikExmHut","2023-11-24 03:58:56"
"Mslz_-cNFX3gHpi7J6j9T4sRfmfL3jBoXSUMJ8SyfbPy0KW-g9jzsf0N5MBmHlJS","2023-11-24 03:59:19","2023-11-24 03:59:41","2023-11-24 03:59:41","","2023-11-24 03:59:22","2","1","2","2","3","","2023-11-24 03:59:35","YqvXgdPjG6","2023-11-24 03:59:41"
"1nZyhHnjM-CAO8YM76dKxAiS8HavXNazAi3us_t5etc4BpRNmdhSUwTvEgvO9hfh","2023-11-24 03:59:34","2023-11-24 04:00:27","2023-11-24 04:00:27","","2023-11-24 03:59:38","1","3","3","1","4","","2023-11-24 04:00:00","nyF47JkEpG","2023-11-24 04:00:27"
"0q5cKui-bkBR2pysFaZ-wYkh71LkezI21lDWSz6BG7KXCmy5bhyNymlzHxcFfz0D","2023-11-24 04:35:01","2023-11-24 04:35:21","2023-11-24 04:35:22","","2023-11-24 04:35:04","1","2","2","1","4","","2023-11-24 04:35:15","SzJiwtTaHR","2023-11-24 04:35:21"
"YB_6JdwNLQbjs7KHHkl6eao0qlDy0FdKRiMsck2CM_Ex7TGlx64qyMJH1dGnloSJ","2023-11-24 04:59:46","2023-11-24 05:00:27","2023-11-24 05:00:27","","2023-11-24 04:59:49","2","4","3","1","3","","2023-11-24 05:00:14","BcN41OuyPh","2023-11-24 05:00:27"
"uh2AdwrA8YhZElSSapvOocRvxC2bNOOGJK-SrhPzTmG8SZC3yT_dHO_AeQ54V9kI","2023-11-24 05:23:02","2023-11-24 05:24:19","2023-11-24 05:24:19","","2023-11-24 05:23:24","2","2","2","2","4","","2023-11-24 05:24:05","rcNwmJ7FiV","2023-11-24 05:24:19"
"Ml8t3tK1Eu2cWi7B6r-TwgWpU-xefV70A9yn9S0iTAuz4T8re4hMozNbsgKUd7Oa","2023-11-24 06:29:47","2023-11-24 06:31:17","2023-11-24 06:31:17","","2023-11-24 06:29:56","1","3","3","1","3","","2023-11-24 06:30:53","ntAaKENeGB","2023-11-24 06:31:17"
"longChameleonXXX523jkhtD9ScdFusaU4D1xIqXk63ba36MfTYoPbFW67BIBfkW","2023-11-24 21:22:56","2023-11-24 21:23:16","2023-11-24 21:23:17","","2023-11-24 20:22:58","1","2","2","1","1","","2023-11-24 20:23:09","HPsfFiWpJS","2023-11-24 20:23:16"
"modernGiraffeXXXkXhBhemVyKscvQe20U9ZWg8wQJe-umnwkmEjn7hxuRmrTPh9","2023-11-24 21:38:09","2023-11-24 21:39:30","2023-11-24 21:39:30","","2023-11-24 20:38:18","3","4","4","3","1","","2023-11-24 20:39:24","3Q1Lu4XRGJ","2023-11-24 20:39:30"
"cMaAHsUYpLlR8gxy6XQBrmTJj2djG0_tY8VDte_rpMKPFSF1GW_1s7pXD91EmMUf","2023-11-25 18:33:05","2023-11-25 18:34:33","2023-11-25 18:34:34","","2023-11-25 17:33:15","2","3","2","1","4","","2023-11-25 17:34:00","8CMCQB1i7b","2023-11-25 17:34:34"
"_bzbm8QF8z9QCiaxJNb_1xZSE_xawEybBxCJre3nK3mGMglb-UtNKjLIDPbwfYOz","2023-11-25 18:35:14","2023-11-25 18:35:49","2023-11-25 18:35:50","","2023-11-25 17:35:20","2","1","2","1","4","","2023-11-25 17:35:41","ksMivsG2Mg","2023-11-25 17:35:49"
"12E9iLaQaGzIJsjgoley0fqnnuXYYHOUd9kquQ1PEwRKuvfKeiigyJGwenyqesHz","2023-11-25 18:42:49","2023-11-25 18:43:30","2023-11-25 18:43:30","","2023-11-25 17:42:51","1","2","1","2","2","","2023-11-25 17:43:08","7SfvlLF4sA","2023-11-25 17:43:30"
"yb5_ji57jzYYx7Qwg1BG-2xw_wfEuoyohOqyJxyHb47_S9cOVpCjiYBsNeQS_FFN","2023-11-25 18:45:38","2023-11-25 18:46:07","2023-11-25 18:46:07","","2023-11-25 17:45:44","2","1","2","1","2","","2023-11-25 17:46:01","aOKWRabUXs","2023-11-25 17:46:07"
"zuExrWMfCPlBt_2ooMx1xvhQe4iCCgy_55nEfk2ZxsfYKNpdcPwWcNzhDhaOLgn8","2023-11-25 18:46:36","2023-11-25 18:47:17","2023-11-25 18:47:17","","2023-11-25 17:46:39","1","2","1","1","3","N/a","2023-11-25 17:47:09","cTR8HXEBqC","2023-11-25 17:47:17"
"DvT9dWBiCSrJmsnquPA2Su1zF9H7dtQAMRa0LxNiEwtEG7lITc_dcMKhbulu4Kl9","2023-11-25 18:51:30","2023-11-25 18:52:19","2023-11-25 18:52:19","","2023-11-25 17:51:33","2","2","2","1","4","","2023-11-25 17:52:04","JevTGBtGce","2023-11-25 17:52:19"
"2u4gblVk2gCj3x-f0eBu0LrpUPLQglcIjhGclBM-uL8l70K9DFiWzS1MEx7_cO1m","2023-11-25 18:55:46","2023-11-25 18:56:38","2023-11-25 18:56:38","","2023-11-25 17:55:50","2","2","2","1","2","","2023-11-25 17:56:17","RTKmvs72Yk","2023-11-25 17:56:38"
"G35ueK0Tol3sexn9lF2Y23L1TfbOE0_nODdQGsrD4fAaMEiqqGNQ5YGfzpBNcGph","2023-11-25 19:04:24","2023-11-25 19:05:05","2023-11-25 19:05:06","","2023-11-25 18:04:33","1","2","2","2","1","","2023-11-25 18:04:57","B7wjipkcQK","2023-11-25 18:05:05"
"0nxNPGj5MXDuhpmRMst8qGl1V_y1KNJDNYd6NM1xaMdGhFMoPQrTdmDvCJYpF0tD","2023-11-25 19:05:41","2023-11-25 19:06:13","2023-11-25 19:06:13","","2023-11-25 18:05:43","1","4","2","1","3","","2023-11-25 18:06:06","ai2efroPUr","2023-11-25 18:06:13"
"O2Ba67uRTqVmArRTTvmmuJirqd7rF_w7Pu-rnBUu680yhx53P2vAv3MjJdoN1r8y","2023-11-25 19:06:16","2023-11-25 19:06:47","2023-11-25 19:06:47","","2023-11-25 18:06:20","2","3","2","1","3","","2023-11-25 18:06:36","QQg4QfcCjt","2023-11-25 18:06:47"
"usryKg5E5xfR108N4CrDxyE5CBbIGUa-XzzVyxjMgLSZEm19yaQqn2ZUAzjgpafF","2023-11-25 19:13:09","2023-11-25 19:13:35","2023-11-25 19:13:36","","2023-11-25 18:13:12","1","2","2","2","2","","2023-11-25 18:13:29","cQTjuOFkXd","2023-11-25 18:13:35"
"guhyxaM439ZY1UIyR18lTWNOABjqDU898RCuJvBeTjG42H-8Do5Dd44TTBX7zqQb","2023-11-25 19:13:16","2023-11-25 19:13:46","2023-11-25 19:13:47","","2023-11-25 18:13:18","2","2","2","1","3","","2023-11-25 18:13:32","3vFKMk5uOZ","2023-11-25 18:13:47"
"8mMJwck_0TBZD8lS1pErTvuCZN1l0OCy9BQePfCNTjfpT_0tcDAh1ZFWPo0GgjD4","2023-11-25 19:13:29","2023-11-25 19:14:09","2023-11-25 19:14:09","","2023-11-25 18:13:32","1","2","1","1","4","","2023-11-25 18:13:46","dRRaKcZOtl","2023-11-25 18:14:09"
"d57k4RlnkFNwX8l7Tkvwf1HAemtKl2lDg1WVQSTRWZQsgkAVPgTkv5-6MUW4or9O","2023-11-25 19:18:52","2023-11-25 19:19:25","2023-11-25 19:19:26","","2023-11-25 18:18:54","1","2","2","2","4","interesting survey","2023-11-25 18:19:19","F2YgSbjZWv","2023-11-25 18:19:26"
"2hi_jeYDsGK7qhOPMAJmgmlEQosRuaGyi9iVBSGkvgg-BDrIxKF1kWC0VNewfkOo","2023-11-25 19:20:58","2023-11-25 20:54:13","2023-11-25 20:54:14","","2023-11-25 18:21:00","1","3","2","1","4","","2023-11-25 18:21:12","YbkLfsoB5t","2023-11-25 19:54:13"
"KQ2VxkT4naIl7lqH69VOneLGoYs9vAO247wstXYjQ4V8qYuHbkcoPhRxmJ1pHoha","2023-11-25 19:23:01","2023-11-25 19:23:25","2023-11-25 19:23:25","","2023-11-25 18:23:03","1","1","2","2","1","","2023-11-25 18:23:18","zEZrAqcwcF","2023-11-25 18:23:25"
"kc1Kdn9GUHHU9G4Iph4vljNj3NwyLE5NwiI5S76FFzlpTy5XzoGFG_LCCH-7Yb-z","2023-11-25 19:26:59","2023-11-25 19:27:24","2023-11-25 19:27:25","","2023-11-25 18:27:02","2","3","3","1","2","","2023-11-25 18:27:14","ZWg65Pgjod","2023-11-25 18:27:25"
"3e6KMtUXoZLbSGj4PjHu6PmZPqVY7RIDXH6Nxs4g0INXpd5nIAheuS7D3FHdye_l","2023-11-25 19:27:49","2023-11-25 19:28:16","2023-11-25 19:28:16","","2023-11-25 18:27:51","1","1","2","1","4","","2023-11-25 18:28:10","h50Sa8iSlD","2023-11-25 18:28:16"
"Rv_OOJXvZYKGeQ37F3RmKpf1R26K3seELq1ahPynBoargo6PxHN4aH6T-9Cmiuzu","2023-11-25 19:27:53","2023-11-25 19:28:39","2023-11-25 19:28:39","","2023-11-25 18:27:55","1","2","2","2","2","","2023-11-25 18:28:10","lzNytXf4VE","2023-11-25 18:28:39"
"UiBN0ThSE5MBcUYyIKD9P7tlsd399iOtgaMLIFPsJS5MiWLFrcXe9rivB_zr3QrD","2023-11-25 19:28:03","2023-11-25 19:29:18","2023-11-25 19:29:18","","2023-11-25 18:28:11","1","3","2","2","2","","2023-11-25 18:28:53","YFyNG8xIUx","2023-11-25 18:29:18"
"0F7UITF2WL8DA5Qc4FsKDT_-wAqx5t6d38qmmtlXlXaSbUMq1MvLI2UD8DooUH4p","2023-11-25 19:28:38","2023-11-25 19:29:04","2023-11-25 19:29:04","","2023-11-25 18:28:40","1","2","2","1","3","","2023-11-25 18:28:57","FRwDGP8Pmn","2023-11-25 18:29:04"
"v3UgJuT8gm0z27cK8PUP0dWioY2kSyrb0kJVEKI1s6tf1K3qHAdBowJi5Zt15RA8","2023-11-25 19:29:08","2023-11-25 19:29:56","2023-11-25 19:29:56","","2023-11-25 18:29:11","1","4","2","1","2","","2023-11-25 18:29:37","g6wR7Lroen","2023-11-25 18:29:56"
"8gH9SnN45MbJySq5befbpcQNz-o64YDUCyGQY7TjvryQnUQr3aXkqLqXcc0qyF7W","2023-11-25 19:29:37","2023-11-25 19:30:07","2023-11-25 19:30:07","","2023-11-25 18:29:39","1","4","2","2","3","","2023-11-25 18:30:01","atj9ySN1nC","2023-11-25 18:30:07"
"rqPPMA3sTU1Imsbrn7ENIgUEU1fnxojhPbseaQdj6fHjIvfN3pvFofAlEkmR1eYa","2023-11-25 19:29:52","2023-11-25 19:30:28","2023-11-25 19:30:28","","2023-11-25 18:29:55","1","3","2","2","3","","2023-11-25 18:30:21","FooDXnIV3u","2023-11-25 18:30:28"
"AcewflShTz0MSMDIEgZT-S_9aJZmdCwIGClPFjgpOCIfmD3U4obYdMrGrv7oEW5J","2023-11-25 19:30:23","2023-11-25 19:31:08","2023-11-25 19:31:09","","2023-11-25 18:30:26","1","2","2","2","4","","2023-11-25 18:30:53","QClwyKt8aG","2023-11-25 18:31:09"
"PM-S0wfXdm3GPGuC1x_rqoxCLIGTRdllvBfWmjoNO09wQ-czaSXaECc__0bU5GlP","2023-11-25 19:33:18","2023-11-25 19:34:01","2023-11-25 19:34:01","","2023-11-25 18:33:21","2","1","1","1","3","","2023-11-25 18:33:36","NSNEsfhVvS","2023-11-25 18:34:01"
"XE1mKtpe3DfbgDKWbCQCUhkCPEvWQx0pqSQdHul21QnO-DX9773ec-EShuM7BlId","2023-11-25 19:34:36","2023-11-25 19:36:04","2023-11-25 19:36:05","","2023-11-25 18:34:49","1","2","3","2","3","","2023-11-25 18:35:46","08YtWnkJiz","2023-11-25 18:36:04"
"YKM2A-G_-_MSskun3zk4Gcr-c5WWN-pXBB73fSG4U9Y7N9GauUqxlPpWVjGqaCwY","2023-11-25 19:36:27","2023-11-25 19:36:53","2023-11-25 19:36:53","","2023-11-25 18:36:29","1","2","2","1","4","","2023-11-25 18:36:47","2bfJpwzyVn","2023-11-25 18:36:53"
"MVyBpRM69odYFDFyroBlY5l6UwDhaDyany4Z8yrjlDZlufWVGFWHxVMvLDVB7ENC","2023-11-25 19:36:56","2023-11-25 19:37:31","2023-11-25 19:37:32","","2023-11-25 18:36:59","1","4","2","2","4","Really interesting and helpful idea. ","2023-11-25 18:37:26","PIt8FHN4RR","2023-11-25 18:37:31"
"nvpqm5mfV8kXv6v0EcY6BE21NkxDn9qODBEfgmE1jV3HJPZYSQRPEJNMgCBlFeEV","2023-11-25 19:37:59","2023-11-25 19:38:25","2023-11-25 19:38:25","","2023-11-25 18:38:02","1","2","2","2","3","","2023-11-25 18:38:18","9ILhKLGxPi","2023-11-25 18:38:25"
"kNtRm46oJkk9KX-zVaC3vET2UlxokyO-i4CZ36rL1Z5xLlPTBuxPfsdzZuQTYIqv","2023-11-25 19:38:28","2023-11-25 19:39:33","2023-11-25 19:39:33","","2023-11-25 18:38:34","1","4","2","2","3","","2023-11-25 18:39:09","aNHb4gNfa2","2023-11-25 18:39:33"
"WCliJlfpFFIMI62e52BB06Y9_xhIoqaDCV5BZIx62Vj7_tUU4ypsyAk9TmmGe-jh","2023-11-25 19:39:10","2023-11-25 19:40:12","2023-11-25 19:40:12","","2023-11-25 18:39:16","2","2","2","1","4","","2023-11-25 18:39:46","7WX7RZOliE","2023-11-25 18:40:12"
"LYHMA15nYZVpMe1FS60rP_O317Nzr0BOOBQZtlotg-HRdT4sUTcrItpP6S9W0SIg","2023-11-25 19:41:03","2023-11-25 19:41:35","2023-11-25 19:41:35","","2023-11-25 18:41:05","1","2","1","1","4","","2023-11-25 18:41:21","mkSm4in4Cx","2023-11-25 18:41:35"
"XPh0nDP0OTu88QEa1D6_pS2yp7dg3R5XDeWmWWEiasApvmoV0ha3HM-C0EHcv967","2023-11-25 19:42:39","2023-11-25 19:43:17","2023-11-25 19:43:18","","2023-11-25 18:42:41","1","1","1","1","4","None","2023-11-25 18:43:08","El0JtgL3Y1","2023-11-25 18:43:17"
"AQZ8nR66AEZgGvf4ltZML3c68rIXn7rM68ytdUeFwEBUXw1POnjrUSAO8yzoR5m3","2023-11-25 19:44:48","2023-11-25 19:45:57","2023-11-25 19:45:57","","2023-11-25 18:44:50","1","4","3","2","4","","2023-11-25 18:45:50","YvpqIHUxE3","2023-11-25 18:45:57"
"0AH9-dAPgOWReXVprwFOWJRnvD70hWWesD83XHWpuGMRLjygyVTp_TvqbLg9iJAS","2023-11-25 19:46:16","2023-11-25 19:46:28","","","2023-11-25 18:46:18","1","1","1","2","4","","2023-11-25 18:46:28","SYGPH5Csdj",""
"ANWqktvfV8Ion1eo60GyPhOfp_r-nZ3qsw0DGLDJ6-jTdRVfjcvG1W81efcI1F-9","2023-11-25 19:46:30","2023-11-25 19:47:03","2023-11-25 19:47:04","","2023-11-25 18:46:32","2","4","4","2","4","","2023-11-25 18:46:47","nySq4gpgN9","2023-11-25 18:47:04"
"-QCmaOggAvr7G9kDONNutwwP3FJcf6LbxK-MUh1ciBYyxIXd55nAxJsadhKC7qO4","2023-11-25 19:46:35","2023-11-25 19:47:01","2023-11-25 19:47:01","","2023-11-25 18:46:37","1","2","2","1","4","","2023-11-25 18:46:54","NwhIreRFJW","2023-11-25 18:47:01"
"cOXC4GQ98FBsFZyokmsQ5lJw4goDW2E3eyc484M2cyka56FMBZg686hiEvuCPmE4","2023-11-25 19:48:39","2023-11-25 20:08:52","2023-11-25 20:08:52","","2023-11-25 18:48:49","2","2","2","1","4","no comments","2023-11-25 18:49:36","KHuEBJK9Xb","2023-11-25 19:08:52"
"F54jMAnDn_9NdnHH6TKP5KYlBwuSUPP7D-OOKajDom_9DxWBdmlEVJmax_N-BTua","2023-11-25 19:48:48","2023-11-25 19:49:21","2023-11-25 19:49:21","","2023-11-25 18:48:51","2","4","2","2","4","","2023-11-25 18:49:13","WjXXrsAUq5","2023-11-25 18:49:21"
"dWGiBUJDxfx8FUZHNwRz3mnRLU4JuIJnzh15ud9bPzqU-NV-KTmps5X9TWDSOHZ9","2023-11-25 19:51:06","2023-11-25 19:51:34","2023-11-25 19:51:34","","2023-11-25 18:51:08","1","2","2","1","4","","2023-11-25 18:51:28","USm1e5V9g2","2023-11-25 18:51:34"
"uED8VD9V__hZMWqCr2yTDfMN35z6OYb3R11v-CFG8TFePZOJr0OUOC2Qv0pNkwFL","2023-11-25 19:51:08","2023-11-25 19:51:28","2023-11-25 19:51:29","","2023-11-25 18:51:11","2","3","2","1","3","","2023-11-25 18:51:26","BnUWiNDEeF","2023-11-25 18:51:28"
"tajAQg0eWmmAqiwD5BVdfdu0Ajaxs5oszn14CbDExaRq8PTeTGbnORV8o_UOJSNH","2023-11-25 19:51:16","2023-11-25 19:52:06","2023-11-25 19:52:06","","2023-11-25 18:51:18","1","2","2","2","3","I enjoyed the survey and didn't encounter any issues.","2023-11-25 18:51:58","PsRE8Pf1O2","2023-11-25 18:52:06"
"a7sqADlSLKI3DBeOCduQS3YI_np3omBk7VY0JLgNCDmuxA3OEGaQxxZjZD6AGFUh","2023-11-25 19:52:24","2023-11-25 19:53:00","2023-11-25 19:53:00","","2023-11-25 18:52:27","1","3","3","1","4","","2023-11-25 18:52:53","RH0eGeNlpI","2023-11-25 18:53:00"
"QNyxo6oOvC_03i_jEbBMDYsJIEYgUvo8Gh-jVlpMtc_3EWypR7l6uGWPpxGHav66","2023-11-25 19:52:27","2023-11-25 19:52:49","2023-11-25 19:52:50","","2023-11-25 18:52:29","2","3","3","1","3","","2023-11-25 18:52:44","FthPrY1Xgs","2023-11-25 18:52:50"
"DVk3II_6GYT7TlTpZpRMce5INZvob3Gq_FqPeuS7yf63Kpt4OHt87KPN0qIfxf7v","2023-11-25 19:53:43","2023-11-25 19:54:16","2023-11-25 19:54:16","","2023-11-25 18:53:47","1","2","2","2","2","Thank you ","2023-11-25 18:54:10","eCj2ZoaptL","2023-11-25 18:54:16"
"CcBNlfD8CbpPGpbU7XLVtNpHEGD98hmPji9PWW70yMOui4RZgWdVXUJzJGOEFncy","2023-11-25 19:53:47","2023-11-25 19:55:39","2023-11-25 19:55:39","","2023-11-25 18:53:52","1","2","2","2","4","","2023-11-25 18:55:30","ECSWO1APGt","2023-11-25 18:55:39"
"WWL00N_b0HncHQGGhWmmwMoG-lvNO1lllevCylNYPT09xKkeKZaS91F1-R388wyC","2023-11-25 19:54:43","2023-11-25 19:55:16","2023-11-25 19:55:16","","2023-11-25 18:54:49","1","3","2","2","2","","2023-11-25 18:55:02","lrQjn9VYFG","2023-11-25 18:55:16"
"mjw8ztAe3lHjjN5t7orz80krXlOdY9m4uwAYfCPkIHjt2d2zs6nor-NZ7tPPhQF9","2023-11-25 19:56:02","2023-11-25 19:57:08","2023-11-25 19:57:08","","2023-11-25 18:56:08","1","2","2","2","4","Enjoyed the survey!","2023-11-25 18:56:46","HJ5SRjLho8","2023-11-25 18:57:08"
"7IKhz8K5HLZHjjllsC0p4qVGzL5XSi8iHAnL3E5Bh8gUPn7hk4pjrzY6wVAfkFsH","2023-11-25 19:56:32","2023-11-25 19:56:59","2023-11-25 19:56:59","","2023-11-25 18:56:35","1","4","2","1","4","","2023-11-25 18:56:51","LUfo8uBqbj","2023-11-25 18:56:59"
"XvW2MBcDGMca6lBw1CLDOebwjktnX6rL_O6gtRcwFGuwEBY_pBJi6j5v6NfcJa4U","2023-11-25 19:56:35","2023-11-25 19:57:17","2023-11-25 19:57:17","","2023-11-25 18:56:38","1","1","3","1","3","","2023-11-25 18:56:56","1WBnwESobm","2023-11-25 18:57:17"
"gXlYc-H57_WNRlAGgtBiIva7x-O2Hk5h7pdX5ZYUeWh61Lrgw5oS2le1hw2WGVvC","2023-11-25 19:56:40","2023-11-25 19:57:11","2023-11-25 19:57:12","","2023-11-25 18:56:42","2","4","2","1","4","","2023-11-25 18:57:03","iVdQ3Un4ct","2023-11-25 18:57:12"
"reYLN9p074x9WawpCIiluJVBp2dn4iqswUCzkus2oAvOWXu_3HiLWZDJco0Ydrsk","2023-11-25 19:57:49","2023-11-25 19:59:15","2023-11-25 19:59:15","","2023-11-25 18:57:59","1","2","2","2","3","","2023-11-25 18:58:54","f9U163bYMW","2023-11-25 18:59:15"
"2EjRNPa9G3JW-WMPt9JoukmkWd5cGMVUEp-iu2Wa0QD-cQAfGjQwF0Y_9d51CIdF","2023-11-25 19:57:57","2023-11-25 20:00:48","2023-11-25 20:00:48","","2023-11-25 18:57:59","1","1","2","1","4","","2023-11-25 19:00:42","TLiw0i5td3","2023-11-25 19:00:48"
"EZhJ4rtpQa7wqgUb3eDtYxiPf0Vvqfp0Fd23sjX-ylM7Opwg-mRG4SFT1K5UMfDa","2023-11-25 19:59:24","2023-11-25 20:00:02","2023-11-25 20:00:02","","2023-11-25 18:59:26","2","2","1","1","4","","2023-11-25 18:59:56","JHX0ugKz5D","2023-11-25 19:00:02"
"nTBOTcsAokr6mG0jWMkukQislwDqnGJ76vjRxuUH9gKLLLgvc_xsqvVIUjPNd75U","2023-11-25 19:59:54","2023-11-25 20:01:39","2023-11-25 20:01:39","","2023-11-25 19:00:14","1","2","2","1","4","","2023-11-25 19:01:05","kGN7nUCZYF","2023-11-25 19:01:39"
"ASjVaef2BnPqggFB5SaTQv-V_O_7FU2h6luof2Jae7CXJOy7fkmfkmZqZzm7-9ck","2023-11-25 20:00:44","2023-11-25 20:01:09","","","2023-11-25 19:00:48","1","4","2","2","4","","2023-11-25 19:01:09","zRSqgBw1SC",""
"dWjZwQONWGpQfEb7nRfaV-UHB0BSbl-0BJzk1BMb53kUKd0O4bbZYgsuJmYyUpa8","2023-11-25 20:00:55","2023-11-25 20:01:12","","","2023-11-25 19:00:58","2","3","3","1","3","","2023-11-25 19:01:12","28zGU8aU8p",""
"I0skt3FCvwD5qpWoWgNoz0avnoeYeXkoCiXrbjota1bOJKzOQCHwDw3md81RTHv_","2023-11-25 20:01:20","2023-11-25 20:01:44","2023-11-25 20:01:44","","2023-11-25 19:01:22","1","3","4","2","3","","2023-11-25 19:01:36","Fj0FtmI9MQ","2023-11-25 19:01:44"
"ctT9CZIPY2g9pfv1H4FwDAJ2lFvDeYFdb-6JZ41Z0n-i8UILdhoyReV7oN7Bzq7W","2023-11-25 20:01:59","2023-11-25 20:02:39","2023-11-25 20:02:39","","2023-11-25 19:02:02","1","2","2","2","3","","2023-11-25 19:02:19","WPS3ERTxD7","2023-11-25 19:02:39"
"etg_z3ZXvyxuLDN3OZ72hTIFuq9pd6UP6yLGzN6UcRO4yqH45IONACVTeeLQ9vcu","2023-11-25 20:02:48","2023-11-25 20:03:20","2023-11-25 20:03:20","","2023-11-25 19:02:51","2","3","3","1","3","","2023-11-25 19:03:15","U015n2oubo","2023-11-25 19:03:20"
"M-gz9a9wxYt9bRCCKF5S2pmvlLwgtW7zk2a-jo_9LpqTJYUjogfY7kujgBFTn69w","2023-11-25 20:03:56","2023-11-25 20:04:18","2023-11-25 20:04:18","","2023-11-25 19:03:59","1","4","1","2","3","","2023-11-25 19:04:13","Uo2VGOpcRS","2023-11-25 19:04:18"
"iURyk6F7Rz-i-3Z7YYSqABX2qnoybPvVkNo6jB8YVzykwoE9TPNTRVm2X5cz5pfN","2023-11-25 20:05:24","2023-11-25 20:07:05","2023-11-25 20:07:06","","2023-11-25 19:05:28","1","2","2","1","3","","2023-11-25 19:06:00","Y7blNDqr02","2023-11-25 19:07:06"
"AW0U8p5pqq8wPm6dVPCgz0VudHscmYHlxD4NB_mOUPBNJwJYHxzNyjD461MmFXX0","2023-11-25 20:07:12","2023-11-25 20:07:42","2023-11-25 20:07:42","","2023-11-25 19:07:16","2","3","4","1","3","","2023-11-25 19:07:33","nLMXWMlLeu","2023-11-25 19:07:42"
"W5EVRofySv80aTMw5nuyRX40iB_mqYJWOi1Q8mIJEMZJZez0a7tp_fAWbCr-jWV8","2023-11-25 20:08:31","2023-11-25 20:09:27","2023-11-25 20:09:27","","2023-11-25 19:08:35","1","4","2","2","2","No additional comments.","2023-11-25 19:09:08","PLYgcLGxwj","2023-11-25 19:09:27"
"jcsFqLZpGGcNhh8g7MwV5XvkFIsrxNoQ30BqZFLIa5Ea1nQU4CwccmYRWJcmfnIu","2023-11-25 20:09:57","2023-11-25 20:11:20","2023-11-25 20:11:20","","2023-11-25 19:10:04","1","4","4","2","3","","2023-11-25 19:10:35","7I7F72slwm","2023-11-25 19:11:20"
"EyY0SkNZ7XgmzEQZcS4hYGQCSVG1xCvVJUsmsm8f2FUspjes6APC71HZ9i3Mm6QO","2023-11-25 20:12:06","2023-11-25 20:12:40","2023-11-25 20:12:41","","2023-11-25 19:12:09","2","3","2","1","3","","2023-11-25 19:12:30","AHYN82TI2f","2023-11-25 19:12:40"
"tkwE_7gyAuYmeY0UQo2pruKKHdOG2zogsPZQx5SdtBffoboRSSqNMabuyhLsrfT5","2023-11-25 20:12:07","2023-11-25 20:12:51","2023-11-25 20:12:51","","2023-11-25 19:12:09","2","4","4","2","4","","2023-11-25 19:12:24","02aobV7pBw","2023-11-25 19:12:51"
"VkHaBqH06_XbAC540StLcPAVzhI85QiTdXZn8TgM3r3mRXEU0ONGTRWA8V9qyK6_","2023-11-25 20:12:51","2023-11-25 20:13:21","2023-11-25 20:13:21","","2023-11-25 19:12:54","2","2","2","2","2","","2023-11-25 19:13:13","sGP5oPn6jp","2023-11-25 19:13:21"
"jzkfurDHTiDMQKQPmaHdhR29mZd3x6xQwqK4D0_Wu4D5ZVfPYhCBDiv6flieeOnY","2023-11-25 20:13:18","2023-11-25 20:13:48","2023-11-25 20:13:48","","2023-11-25 19:13:22","2","1","3","2","1","","2023-11-25 19:13:41","6RwXHaNM7E","2023-11-25 19:13:48"
"aY_JUFUvrzP8IU66Ivb1Kdn2cXvkpT05WKdGnI5aWgdbZ2h_FS7Bb_Axi6UPojjY","2023-11-25 20:17:31","2023-11-25 20:17:59","2023-11-25 20:17:59","","2023-11-25 19:17:34","2","2","2","1","4","","2023-11-25 19:17:48","fAYzVDEcGf","2023-11-25 19:17:59"
"YPNbPsNL7X-HrNsmSgNByna24EmPlulhNMTg0lENp1yYKc4jbVrhb038KJsXUEzg","2023-11-25 20:18:04","2023-11-25 20:20:24","2023-11-25 20:20:24","","2023-11-25 19:18:08","1","1","2","2","2","","2023-11-25 19:20:20","7poZYn78cJ","2023-11-25 19:20:24"
"PvmF-jYiBNb2uvmJHjQcTdSwNsBMARWLlIOy4r2JTYAp6DIhLRNbp-PzSYSBCg_5","2023-11-25 20:21:21","2023-11-25 20:21:48","2023-11-25 20:21:48","","2023-11-25 19:21:24","2","3","2","1","3","","2023-11-25 19:21:42","BL35TJaeMo","2023-11-25 19:21:48"
"jGUdUefYn2n906zHAnxflMW-SJ_F9_wGn6wluAqO1VCJ17SQaj1arMXAN0bnR5ks","2023-11-25 20:23:16","2023-11-25 20:24:06","2023-11-25 20:24:06","","2023-11-25 19:23:21","1","2","2","2","2","","2023-11-25 19:23:55","iED08Mr1oZ","2023-11-25 19:24:06"
"1z6eJnr2K-DV8yDuCF0sGoW3SSk8YwPC2Qc2ACaZKrJjfxgp6EXeHum38vUJ5GFk","2023-11-25 20:28:15","2023-11-25 20:28:54","2023-11-25 20:28:54","","2023-11-25 19:28:20","2","2","2","1","2","","2023-11-25 19:28:45","SSvryADXQg","2023-11-25 19:28:54"
"hH7Cme_VSTRE9U8gStOeCHpxab_WB0ibRwQEwV59uq9JFfn2erIYpjaSjslZnSqx","2023-11-25 20:29:16","2023-11-25 20:29:45","","","2023-11-25 19:29:24","2","1","4","1","3","","2023-11-25 19:29:45","Q00vlP0TBQ",""
"kpNkN-2qYSbSGy-hbDCmyRbXYEghgRTmyXBvw19lGtURjyO-TDpRF7DGWoyQoKGp","2023-11-25 20:32:09","2023-11-25 20:32:41","2023-11-25 20:32:41","","2023-11-25 19:32:12","2","2","2","1","3","","2023-11-25 19:32:25","ntfYBbzQEb","2023-11-25 19:32:41"
"deSPdIUFP7oD-ruwtOPeZjZfghong5p7J-B9qNpsoeWvW9G1bFoxAiQmWJ1Oanpp","2023-11-25 20:34:10","2023-11-25 20:34:28","","","2023-11-25 19:34:12","2","2","2","1","4","","2023-11-25 19:34:28","HkYTsmt98f",""
"1lmZbbdwZkFInXAtTPFluw4o65i8_Vg-FXvk3WK0QnpNt382xBpa_ffL9WDS7oXO","2023-11-25 20:38:54","2023-11-25 20:40:11","2023-11-25 20:40:11","","2023-11-25 19:38:57","2","3","3","2","4","","2023-11-25 19:39:35","rPkie8FAfu","2023-11-25 19:40:11"
"57n14rnmsBA0nUGHczPMeUSwFK4c_1Jv2uzYL6Rcr4UXoVnA32hYio1BvvLGnMNT","2023-11-25 20:39:59","2023-11-25 20:41:08","2023-11-25 20:41:08","","2023-11-25 19:40:02","2","4","4","2","4","nice","2023-11-25 19:41:01","Up5JKnirBq","2023-11-25 19:41:08"
"sz1_eq9_ayR6BYPiXiAD3kg7Sw16oiCY9t_LxUBBQWJJCzuXbNWfmvHbfEsorx9o","2023-11-25 20:40:45","2023-11-25 20:41:19","2023-11-25 20:41:20","","2023-11-25 19:40:50","2","2","3","1","4","","2023-11-25 19:41:11","X05tjXtKXi","2023-11-25 19:41:19"
"mcwqVVwAwPRluIDCsHWuVE1BRsXQwVjz_3vStb3-gqYxXGZ-I5BOVEwHMrrnlrNL","2023-11-25 20:44:03","2023-11-25 20:44:40","2023-11-25 20:44:41","","2023-11-25 19:44:07","2","2","1","1","3","","2023-11-25 19:44:34","AuXiuy4IvX","2023-11-25 19:44:40"
"_Vav71u_cHm-NAF0yii7hEZtI1UUBQvc0UWX162eBkslkza2a44jCtFnb9lNls4H","2023-11-25 20:44:27","2023-11-25 20:45:08","2023-11-25 20:45:08","","2023-11-25 19:44:31","2","2","2","1","4","","2023-11-25 19:44:55","T0kntPLYqQ","2023-11-25 19:45:08"
"XvBX5zpZARUzH0rbwyW4-KwnUAltEiJvVSBMv-p1TQg7UXU5J_QeEbYLBXV8eABy","2023-11-25 20:50:01","2023-11-25 20:50:20","2023-11-25 20:50:20","","2023-11-25 19:50:03","2","1","2","2","3","","2023-11-25 19:50:13","acc8gCogLR","2023-11-25 19:50:20"
"1fG-m9u9aWL32exPMjsOdKaQ-bW8VlG3sWW42DxRVXq_c3hYpblgNP6aitgPtfhy","2023-11-25 20:51:09","2023-11-25 20:51:32","2023-11-25 20:51:32","","2023-11-25 19:51:12","2","2","3","1","4","","2023-11-25 19:51:28","bqSplo84tG","2023-11-25 19:51:32"
"bQhye4TtPnCU80oVtI3-abTu3gP8ua276n5jzGTktcXZFH4QWwEVySSxz7smZSoG","2023-11-25 20:51:10","2023-11-25 20:52:13","","","2023-11-25 19:51:15","3","3","2","2","3","","2023-11-25 19:52:13","7uiEM5jW5u",""
"dH8W42ATDLDRPp7r6ajMf8rBsb4l_3376iCzMRzQPd1oGqiQtbCP792f5VtgZm7F","2023-11-25 20:51:50","2023-11-25 20:52:34","2023-11-25 20:52:35","","2023-11-25 19:51:53","2","1","1","2","3","","2023-11-25 19:52:17","jIsGltSNgR","2023-11-25 19:52:35"
"nh2ipXuFfduI96eLrmufzqQGvLFnnfmbOyWQZl5v7diyMS9tCi0GDGwxm7IBXy5q","2023-11-25 21:00:36","2023-11-25 21:02:39","2023-11-25 21:02:39","","2023-11-25 20:00:39","2","3","2","2","2","","2023-11-25 20:00:57","kZSE86KiiA","2023-11-25 20:02:39"
"hg83AzGOz8nieWpGNguTpNfUhFqdfbZdviVpTEM6JWal8WemxNVTfqdtVUl_E6Xd","2023-11-25 21:05:36","2023-11-25 21:06:02","2023-11-25 21:06:03","","2023-11-25 20:05:40","2","1","1","2","3","","2023-11-25 20:05:54","C6cy9al28X","2023-11-25 20:06:02"
"BXTICntOiwTj9Wfye1SQdDcgxACMiOrV_4YAh-Ue8PASHkrLZb7Aj4Zz9X5MR9D6","2023-11-25 21:06:35","2023-11-25 21:07:22","2023-11-25 21:07:22","","2023-11-25 20:06:39","2","2","3","1","1","","2023-11-25 20:07:05","4rPAcfoNII","2023-11-25 20:07:22"
"UM2mSeGSEgQ_N6iuI_EZEtYJLGS-IGargALOpW8BKvi0Zkp8KcO4gjfzat8Ggvy7","2023-11-25 21:12:24","2023-11-25 21:12:51","2023-11-25 21:12:51","","2023-11-25 20:12:26","2","3","2","1","2","","2023-11-25 20:12:44","q8fP6tMvCq","2023-11-25 20:12:51"
"yQFPteHpy9Z74kObVv_scQdl5lps_xeu64ns40DB606tXynk5NHuRdMwP3Sm88Gj","2023-11-25 21:14:24","2023-11-25 21:16:02","2023-11-25 21:16:02","","2023-11-25 20:14:30","2","2","2","1","4","","2023-11-25 20:15:12","wXj3HTat3w","2023-11-25 20:16:02"
"PvUGBdX-LSaD-B5iwl6MDXFD82ngwUtNPv67k80M5Nwb3A_9RphyRCXmoDtCRYLx","2023-11-25 21:18:24","2023-11-25 21:18:59","2023-11-25 21:19:00","","2023-11-25 20:18:27","2","2","4","1","3","","2023-11-25 20:18:51","gML2Wslwch","2023-11-25 20:19:00"
"X3RRIyTIlGQXRKpLSI-Lk5FwLIQJXRRaWCFd8MRnS96hWDwHuLTJsDI2Kit1Ov-M","2023-11-25 21:24:20","2023-11-25 21:24:53","2023-11-25 21:24:53","","2023-11-25 20:24:23","2","4","2","2","3","nice","2023-11-25 20:24:43","8pNV3lNsgA","2023-11-25 20:24:53"
"2g2T0AsHOBDSwVHlGhU6xEa4Wy-Aam8R_VD6nhwmEzTCwrUfbJHI0LTAWjYOtswi","2023-11-25 21:37:49","2023-11-25 21:39:16","2023-11-25 21:39:16","","2023-11-25 20:37:52","2","2","2","1","4","not a soccer player currently and study did not state I had to be one - so answered the questions in the hypothetical, assuming I was a soccer player","2023-11-25 20:38:52","hMPEnUPGd2","2023-11-25 20:39:16"
"8M9Yk1S24xUPmm0xYTsL-YlR80V8k4cSRf61K3wswwegghinvAojFKx4mKpRFH5G","2023-11-25 21:39:55","2023-11-25 21:40:42","2023-11-25 21:40:43","","2023-11-25 20:40:00","2","3","3","2","3","","2023-11-25 20:40:28","Y9ctKkw7gw","2023-11-25 20:40:42"
"QE-A2mXarE4KaTQ9TvasZ5coJtQe3vZU58lBq5CB99KY-hDa2xozb8jxziw3Xp9O","2023-11-25 21:41:31","2023-11-25 21:42:09","2023-11-25 21:42:09","","2023-11-25 20:41:33","2","3","2","1","3","","2023-11-25 20:41:55","dBTJAx12JE","2023-11-25 20:42:09"
"dCnj-qQskSRMj0JNh55qm0jW1TlYixjglfw0fn7f-9SQHGJVFMO646of-lhwxKEV","2023-11-25 21:45:05","2023-11-25 21:46:16","2023-11-25 21:46:17","","2023-11-25 20:45:09","2","2","2","1","4","","2023-11-25 20:45:58","ADhUOwFX1F","2023-11-25 20:46:17"
"iqaaMRYBe3PZBhPB_-YFWOniCW0iDQJxJsNU7LaERPBDojZsKDUVrmuL5G7XZWDm","2023-11-25 21:45:38","2023-11-25 21:45:57","2023-11-25 21:45:57","","2023-11-25 20:45:40","2","1","1","1","1","","2023-11-25 20:45:52","50xFcCz4AF","2023-11-25 20:45:57"
"g4FPiY6ybLDxKHfHKpgEzC-20HDTUAKth14seHshxuxTiOuYYn2oMnX4-BCmj8GN","2023-11-26 01:03:05","2023-11-26 01:03:30","2023-11-26 01:03:32","","2023-11-26 00:03:09","1","2","2","1","4","","2023-11-26 00:03:27","z46iNug2Sq","2023-11-26 00:03:32"
"_1BIx2pHRSQacjqpkCfsyNPpImI6MVeBD1p2w-5WUmbygOii4P2vdOpCPQbZU999","2023-11-26 01:24:15","2023-11-26 01:25:22","2023-11-26 01:25:23","","2023-11-26 00:24:24","1","4","2","1","3","","2023-11-26 00:25:12","n0dWS0Rnse","2023-11-26 00:25:22"
"DQWyqCb4FQ2zNjRAoWLRTQMAVMzipk5eqGJcLMB_EN7FMaMyX823cAK8Q78EpTl9","2023-11-26 01:30:38","2023-11-26 01:31:14","2023-11-26 01:31:15","","2023-11-26 00:30:40","1","1","1","1","2","","2023-11-26 00:31:11","kNMRvprb1J","2023-11-26 00:31:15"
"kbDCbhhfJyFso0p_bSO5ZUeoKvBnp0q6HGtTauGZbdg9q8zC1PJxxWY-2EEDx5vz","2023-11-26 01:39:44","2023-11-26 01:40:18","2023-11-26 01:40:19","","2023-11-26 00:39:47","1","2","3","1","1","","2023-11-26 00:40:06","IDIpqaBhg1","2023-11-26 00:40:18"
"T0ufxyGEgLGzvgBe6D7pYeR5TQxBEK2GpOIyhKq-XzEyvrrBVdQaetf4plYFuR8W","2023-11-26 01:47:32","2023-11-26 01:48:20","2023-11-26 01:48:20","","2023-11-26 00:47:35","1","1","1","1","4","","2023-11-26 00:48:13","cUwnNj7wzF","2023-11-26 00:48:20"
"x3ZH1XkRueu22i5wQA_lmbSfeh8Z2I5RbDD8sfkekGKU-eSooWtLOIRMBQKHA2-S","2023-11-26 01:48:30","2023-11-26 01:49:13","2023-11-26 01:49:13","","2023-11-26 00:48:33","1","1","2","1","4","","2023-11-26 00:48:59","YTozJUnSEg","2023-11-26 00:49:13"
"3UEcwnLt4EhUodonEblvvISqmBAA-u1vmvgmxp6HQF6GChFx4O6qe4VE2kJ8-S0N","2023-11-26 03:34:42","2023-11-26 03:35:12","2023-11-26 03:35:13","","2023-11-26 02:34:46","1","2","2","1","3","","2023-11-26 02:35:07","CIAv4ncLM7","2023-11-26 02:35:13"
"KdzCyNQnwz9vJvZ-p08qvlRCcQCtmA8EuInYzk3Tga8Sd1x94dH3Nvz4WB0RLMwt","2023-11-26 12:31:40","2023-11-26 12:32:28","2023-11-26 12:32:28","","2023-11-26 11:31:44","1","4","2","2","3","thank you","2023-11-26 11:32:16","5ssX7GGwZn","2023-11-26 11:32:28"
"hLWsZYr_YjKvbKPr2eKH9rTtqh5DtjP1asQqaEnFxLBultwj9ilN7Eg7N7hkDeMH","2023-11-26 13:00:00","2023-11-26 13:00:47","2023-11-26 13:00:48","","2023-11-26 12:00:02","2","2","2","1","3","","2023-11-26 12:00:28","vMLi28cHK8","2023-11-26 12:00:48"
"dL7JZlsk-jNk7Mb_UUR6M5zatCH9PJXw_MO4HcjjNupgaYuP_Cu9t5DNBHM1AJSI","2023-11-26 13:08:34","2023-11-26 13:09:38","2023-11-26 13:09:38","","2023-11-26 12:08:38","1","2","2","1","3","","2023-11-26 12:08:59","tDcnaiKP7p","2023-11-26 12:09:38"
"AFegWOYGq-WUXsExQUJXkwfsfA98LNiXu031q8uylhTXLP0y0zrlVGPG60a6nbNe","2023-11-26 13:09:12","2023-11-26 13:09:44","2023-11-26 13:09:44","","2023-11-26 12:09:15","1","4","2","1","3","","2023-11-26 12:09:36","o3Ps75v1Vd","2023-11-26 12:09:44"
"3p6mnXmwsSGetdxZTaSvkvH7UdkRnm0OQjjodsaFsw9LtFUfL1rQ3Q_hCXeKIg0x","2023-11-26 13:12:54","2023-11-26 13:13:30","2023-11-26 13:13:30","","2023-11-26 12:12:57","1","3","2","2","2","","2023-11-26 12:13:16","QbtOvCitvb","2023-11-26 12:13:30"
"sruHTv_90PkPo-uJE3smCf4JlJzy6pP6hLHEBqCQTFoSDGzKpRpoJZg56NDQk4L3","2023-11-26 13:22:24","2023-11-26 13:22:54","2023-11-26 13:22:54","","2023-11-26 12:22:26","1","2","1","1","1","","2023-11-26 12:22:48","9a7lnG8JYO","2023-11-26 12:22:54"
"5oruTTECdK97u3-YP3wX4pRcyzd3l9lRVX-_FyrFcN7soUz6dejSjzmYC99XycIm","2023-11-26 13:28:25","2023-11-26 13:29:41","2023-11-26 13:29:41","","2023-11-26 12:28:36","1","3","2","1","4","","2023-11-26 12:29:16","d1b4iYQOaG","2023-11-26 12:29:41"
"i8Rjrp-jiWoEjM0h1Td7TQdrCs4_XHvZCTKlsjdm-in_au_w5kamdD_ZqYwsU5YA","2023-11-26 13:32:04","2023-11-26 13:32:37","2023-11-26 13:32:37","","2023-11-26 12:32:06","1","4","3","2","4","","2023-11-26 12:32:21","BNqK1NsBMf","2023-11-26 12:32:37"
"Lg5O9YJOlz7dnZ9QXMgWyS1r_1VVat6P_w_5gCUjSSvQDrcS6KlSyk4Ea_Oz5wq5","2023-11-26 13:43:46","2023-11-26 13:44:18","2023-11-26 13:44:18","","2023-11-26 12:43:48","1","1","2","2","2","","2023-11-26 12:44:13","pM4kxaHldi","2023-11-26 12:44:18"
"DJ22sEWE1xLuTqigU68taHAmVni3X3gWH-73y2TBHrEGHh5ALMGe8FE800I5hTqD","2023-11-26 13:45:25","2023-11-26 13:46:10","2023-11-26 13:46:10","","2023-11-26 12:45:30","1","1","2","2","3","","2023-11-26 12:46:01","pnkviXZE24","2023-11-26 12:46:10"
"XaAohtlheySPu8SfrS8hIbSjjvUsIIXXIIdxAXiYPZWyLeZf52KbmX0QEDiuNgoN","2023-11-26 13:48:25","2023-11-26 13:48:58","2023-11-26 13:48:58","","2023-11-26 12:48:27","2","3","2","1","3","","2023-11-26 12:48:42","vmZydBQFnY","2023-11-26 12:48:58"
"i5qTiUZ_hgBKc-EJhDylvJn_7h0gbooqMRaG4JbcvaIc2DctZ6BpY2vr2gv6ZYhQ","2023-11-26 14:02:56","2023-11-26 14:03:33","2023-11-26 14:03:33","","2023-11-26 13:03:02","2","4","2","2","2","","2023-11-26 13:03:25","FLGn9qJLEM","2023-11-26 13:03:33"
"rCjOSRNX2WLLp-kMnERlEotWW0_X7M8tRAIhH960i85FXV8Z1ybJM2-H2H1ZonVS","2023-11-26 14:42:57","2023-11-26 14:43:32","2023-11-26 14:43:33","","2023-11-26 13:43:01","2","4","4","2","3","","2023-11-26 13:43:21","YLihLIBMU4","2023-11-26 13:43:32"
"eljvkoRXmQH0IIrDOPVMTWk5OZ761XxOGEyF0DYMjq-YipqqPDQlAHu3IxIRxXT4","2023-11-26 14:47:48","2023-11-26 14:48:19","2023-11-26 14:48:20","","2023-11-26 13:47:50","2","1","4","1","4","","2023-11-26 13:48:05","eFQ6UQyLFr","2023-11-26 13:48:20"
"W2EQpnZP56UlaPy7yk-LEfglTOZrg4Gf0_JiNrZTcGCQj6N-WIFNXuar7hDzFojs","2023-11-26 14:51:52","2023-11-26 14:52:16","2023-11-26 14:52:17","","2023-11-26 13:51:54","2","3","2","1","3","","2023-11-26 13:52:12","c2T8zECVXJ","2023-11-26 13:52:16"
"oeTdYVJ0jrVkaK0GXWX0M5NyxM7SR9wFfOaURA8Ax5afIGh9-QWk5C6OHjKATeNx","2023-11-26 15:14:34","2023-11-26 15:15:46","2023-11-26 15:15:46","","2023-11-26 14:14:39","2","4","3","1","4","","2023-11-26 14:15:14","rZnTcghNwJ","2023-11-26 14:15:46"
"o0_BsZ8NTtqDepSPVJaMy4UGATG_R7i1VscNeRrXMmTDehfNZCsG4FYBHqr0OHIL","2023-11-26 18:54:46","2023-11-26 18:55:35","2023-11-26 18:55:35","","2023-11-26 17:54:53","1","3","2","1","3","","2023-11-26 17:55:27","NTEkyn9e9k","2023-11-26 17:55:35"
"P1PIrtAhXmCsc7wJlCU1Qcs9uQq7lBy6jzzQVW_1bPOmr2qjfBhY2S4027v_q1hv","2023-11-26 19:02:40","2023-11-26 19:03:07","2023-11-26 19:03:07","","2023-11-26 18:02:43","1","1","1","1","4","","2023-11-26 18:02:59","sKyKK0dB93","2023-11-26 18:03:07"
"qQNV2URoQVhQlYV0f1I5twsOILjXsC02g-3Ch8dVgKggw0TP3AUOCTuWy18n8DHo","2023-11-26 19:26:39","2023-11-26 19:27:07","2023-11-26 19:27:07","","2023-11-26 18:26:43","1","2","2","2","4","","2023-11-26 18:27:01","XY2EIhsqUr","2023-11-26 18:27:07"
"8-u9lgwwtpmeAqfxxVVijg2_GQg5VW5uo1lfw4E18EmHoyTM28OiCjvYVi0Jf2j-","2023-11-26 19:41:50","2023-11-26 19:42:17","2023-11-26 19:42:18","","2023-11-26 18:41:53","1","2","3","1","4","","2023-11-26 18:42:12","SHFy3VSn2w","2023-11-26 18:42:18"
"H1wV8nI6HID4uxrjeLhn_oKd0iB5ouBDp9jtHvoU_0AK2P8uaFE8zsPboxgl6egU","2023-11-27 00:17:05","2023-11-27 00:17:27","2023-11-27 00:17:27","","2023-11-26 23:17:07","1","4","2","1","4","","2023-11-26 23:17:23","SzfqxdkTls","2023-11-26 23:17:27"
"6IwBjDYTVHkGkBddOvrdOEUFiMd5D1ja8PORuIC79Yr-jEnGj_OqjdXF5qYQVc1R","2023-11-27 01:31:20","2023-11-27 01:31:49","2023-11-27 01:31:49","","2023-11-27 00:31:23","1","3","2","1","4","","2023-11-27 00:31:42","gB6JZ6adr2","2023-11-27 00:31:49"
"BVSAUf8ysutT2ukyLuR7f4_MlWLTvju98IwVw_Em7KlB6z7COx2IXHKTWGUgJVdr","2023-11-27 13:12:17","2023-11-27 13:12:40","","","2023-11-27 12:12:20","2","2","2","1","3","","2023-11-27 12:12:40","EDEGtqgb7A",""
"TLYdaVbX9oMFo0VDaam7pjI7U7XKakrCT-mwK5elFHlisQf5Wf2Jx5uvzOYitlld","2023-11-27 13:13:05","2023-11-27 13:14:04","2023-11-27 13:14:05","","2023-11-27 12:13:09","2","1","1","1","4","","2023-11-27 12:13:59","YsyBlKs2ek","2023-11-27 12:14:05"
"D1eeO2firyka6SUxaKN7m-rLGMpVowJdwoL2fNHeieAp7H74bMzdvvZdHAGqO7lG","2023-11-27 13:36:49","2023-11-27 13:37:33","2023-11-27 13:37:33","","2023-11-27 12:36:52","2","2","3","1","2","","2023-11-27 12:37:26","KvvniShRdv","2023-11-27 12:37:33"
"7FnGsxs66M-q00nKcN3HBLh6gwzuBlDhgD66hkyi7xPHARR841ChIT1v6OoUvbxv","2023-11-27 13:40:23","2023-11-27 13:42:04","2023-11-27 13:42:04","","2023-11-27 12:40:31","2","4","3","1","4","","2023-11-27 12:41:33","Yw16QJ8spv","2023-11-27 12:42:04"
"PAq5ZleskBKCoWtm08usorHKTQikKwTPVfr0ZRepsvH16_wsLg5yj8Xe9hkqGyi5","2023-11-27 13:48:29","2023-11-27 13:49:25","2023-11-27 13:49:26","","2023-11-27 12:48:33","2","4","1","1","4","","2023-11-27 12:48:58","m8jaAcTTSC",""
"agxB3Tof0e-VEVYnPZ9KGoL-PVXWDMm_5ezhIQJ50qkBgsSYRwOLIDrasSyIbfpS","2023-11-29 08:16:28","2023-11-29 08:17:39","2023-11-29 08:17:39","","2023-11-29 07:16:34","1","3","2","1","1","","2023-11-29 07:17:23","Zvr10opsjA","2023-11-29 07:17:39"
"fDzrvKr3PrWxTsD8M4jXCLElrbrkXXNki5a4njunPQMlt0mKplh65ThWbdlh8hDJ","2023-11-29 08:52:45","2023-11-29 08:53:31","2023-11-29 08:53:31","","2023-11-29 07:52:47","1","1","2","2","2","","2023-11-29 07:53:18","V5eeZHSxXR","2023-11-29 07:53:31"
"m2VDIfMDhnGDVPoO3POv6T25PJICbtC_9JD8W5ErykdGqPOYS8anEcKc-o-YD6Nm","2023-11-29 11:32:51","2023-11-29 11:35:57","2023-11-29 11:35:58","","2023-11-29 10:32:56","1","2","3","2","4","","2023-11-29 10:35:52","SS6J0CWCW0","2023-11-29 10:35:57"
"DqzXfijT0J3wLVYn5CvWn1bIgVGVPpSVw5SgxZfJqTLmd-l0FIdoVdhij1KB_fWI","2023-11-29 13:52:32","2023-11-29 13:53:05","2023-11-29 13:53:05","","2023-11-29 12:52:34","1","2","1","1","4","","2023-11-29 12:53:02","HyJRz9DQPp","2023-11-29 12:53:05"
